t,ecg,ppg,spo2
1761449873.0019357,671.0,181.0,204.0
1761449873.0067358,671.0,182.0,188.0
1761449873.0299957,9.0,181.0,179.0
1761449873.055014,671.0,181.0,182.0
1761449873.1133056,671.0,181.0,181.0
1761449873.113718,8.0,180.0,177.0
1761449873.145791,669.0,181.0,181.0
1761449873.174166,671.0,181.0,180.0
1761449873.1944625,8.0,181.0,177.0
1761449873.216705,108.0,181.0,181.0
1761449873.2392468,671.0,181.0,183.0
1761449873.2902884,9.0,181.0,177.0
1761449873.316102,8.0,180.0,179.0
1761449873.3212717,671.0,180.0,183.0
1761449873.3555958,9.0,181.0,178.0
1761449873.3702688,8.0,180.0,179.0
1761449873.400088,671.0,181.0,182.0
1761449873.432015,9.0,181.0,178.0
1761449873.4630828,9.0,181.0,179.0
1761449873.4808202,669.0,181.0,183.0
1761449873.5061479,608.0,181.0,180.0
1761449873.5394,8.0,180.0,176.0
1761449873.5733638,672.0,180.0,180.0
1761449873.5974562,671.0,180.0,178.0
1761449873.6125271,9.0,180.0,175.0
1761449873.64142,672.0,180.0,180.0
1761449873.6771812,671.0,180.0,179.0
1761449873.708839,8.0,179.0,175.0
1761449873.7379248,276.0,179.0,179.0
1761449873.75822,671.0,179.0,181.0
1761449873.7792797,8.0,179.0,177.0
1761449873.792214,8.0,179.0,178.0
1761449873.8233483,671.0,179.0,182.0
1761449873.861728,9.0,179.0,177.0
1761449873.8922079,9.0,179.0,178.0
1761449873.9185545,672.0,180.0,182.0
1761449873.9280624,423.0,179.0,178.0
1761449873.9519336,9.0,179.0,177.0
1761449873.9801476,671.0,180.0,180.0
1761449874.0129902,670.0,179.0,178.0
1761449874.0378983,8.0,179.0,174.0
1761449874.068622,671.0,179.0,180.0
1761449874.0828686,671.0,179.0,178.0
1761449874.112147,8.0,179.0,175.0
1761449874.142815,633.0,179.0,180.0
1761449874.174504,671.0,179.0,179.0
1761449874.1923778,9.0,179.0,175.0
1761449874.2176905,231.0,179.0,178.0
1761449874.2536836,672.0,179.0,180.0
1761449874.3309069,8.0,179.0,175.0
1761449874.3580816,8.0,179.0,177.0
1761449874.3625138,672.0,179.0,181.0
1761449874.3781984,9.0,179.0,175.0
1761449874.3798397,8.0,179.0,177.0
1761449874.4026184,672.0,179.0,181.0
1761449874.4421039,236.0,178.0,177.0
1761449874.4771712,9.0,179.0,176.0
1761449874.5062084,671.0,179.0,180.0
1761449874.5304072,551.0,179.0,179.0
1761449874.5339763,8.0,178.0,176.0
1761449874.5582352,672.0,179.0,181.0
1761449874.592221,671.0,180.0,180.0
1761449874.6331892,9.0,179.0,175.0
1761449874.667653,661.0,180.0,181.0
1761449874.6746566,671.0,179.0,180.0
1761449874.698221,9.0,180.0,175.0
1761449874.7210524,244.0,179.0,178.0
1761449874.7596748,671.0,180.0,180.0
1761449874.8010051,8.0,179.0,176.0
1761449874.8365235,8.0,179.0,177.0
1761449874.8530586,672.0,179.0,181.0
1761449874.855364,8.0,179.0,176.0
1761449874.8792298,9.0,179.0,176.0
1761449874.9023333,671.0,179.0,180.0
1761449874.9303207,186.0,179.0,176.0
1761449874.9711063,9.0,179.0,176.0
1761449875.0088873,672.0,179.0,181.0
1761449875.031257,600.0,179.0,178.0
1761449875.0345297,9.0,179.0,176.0
1761449875.0623708,671.0,179.0,180.0
1761449875.106466,671.0,179.0,178.0
1761449875.1438842,8.0,179.0,175.0
1761449875.1667717,671.0,179.0,180.0
1761449875.1838524,671.0,179.0,179.0
1761449875.202656,8.0,178.0,175.0
1761449875.2177632,327.0,179.0,178.0
1761449875.2464151,671.0,179.0,180.0
1761449875.2732432,9.0,178.0,176.0
1761449875.3044176,49.0,179.0,178.0
1761449875.3350654,671.0,179.0,180.0
1761449875.352346,8.0,178.0,176.0
1761449875.377345,9.0,178.0,177.0
1761449875.4091072,671.0,179.0,180.0
1761449875.4342024,22.0,179.0,175.0
1761449875.464868,8.0,179.0,176.0
1761449875.484097,671.0,178.0,180.0
1761449875.5084825,426.0,179.0,176.0
1761449875.54204,9.0,178.0,176.0
1761449875.569394,671.0,178.0,181.0
1761449875.6036086,664.0,178.0,179.0
1761449875.6148307,8.0,178.0,175.0
1761449875.6435282,671.0,178.0,179.0
1761449875.6883678,671.0,178.0,179.0
1761449875.7270615,8.0,178.0,175.0
1761449875.7346013,572.0,178.0,179.0
1761449875.7522998,672.0,178.0,179.0
1761449875.7750268,8.0,178.0,174.0
1761449875.814633,226.0,178.0,177.0
1761449875.8553834,671.0,178.0,179.0
1761449875.88179,9.0,178.0,175.0
1761449875.8878117,9.0,179.0,176.0
1761449875.9148324,672.0,178.0,181.0
1761449875.930378,9.0,178.0,176.0
1761449875.9586742,9.0,178.0,176.0
1761449875.9923952,671.0,178.0,180.0
1761449876.0210571,358.0,178.0,176.0
1761449876.0415375,8.0,178.0,175.0
1761449876.0649679,672.0,178.0,180.0
1761449876.1006203,664.0,178.0,177.0
1761449876.1349907,9.0,178.0,175.0
1761449876.1635053,671.0,178.0,179.0
1761449876.1819596,671.0,178.0,177.0
1761449876.2021213,8.0,178.0,173.0
1761449876.2377355,670.0,179.0,178.0
1761449876.2681522,672.0,178.0,178.0
1761449876.2865527,9.0,178.0,174.0
1761449876.30275,288.0,178.0,177.0
1761449876.3414474,671.0,178.0,178.0
1761449876.3524482,8.0,178.0,174.0
1761449876.3807418,9.0,178.0,175.0
1761449876.413498,671.0,178.0,179.0
1761449876.4426806,8.0,178.0,174.0
1761449876.4622579,9.0,178.0,176.0
1761449876.4870973,671.0,178.0,180.0
1761449876.51954,268.0,178.0,176.0
1761449876.5517685,9.0,178.0,176.0
1761449876.58245,672.0,178.0,180.0
1761449876.6033092,593.0,179.0,177.0
1761449876.6228108,9.0,178.0,175.0
1761449876.6583395,671.0,178.0,179.0
1761449876.6879995,671.0,178.0,178.0
1761449876.7336535,8.0,178.0,174.0
1761449876.7340994,670.0,178.0,178.0
1761449876.7618225,671.0,178.0,177.0
1761449876.7853153,9.0,178.0,174.0
1761449876.8027945,335.0,178.0,177.0
1761449876.8273816,671.0,178.0,178.0
1761449876.8647969,8.0,178.0,175.0
1761449876.892252,9.0,178.0,177.0
1761449876.9146473,671.0,178.0,180.0
1761449876.9369361,8.0,177.0,175.0
1761449876.9727318,8.0,178.0,176.0
1761449877.0096304,672.0,178.0,180.0
1761449877.0446353,93.0,178.0,175.0
1761449877.0475838,8.0,178.0,176.0
1761449877.068366,671.0,178.0,180.0
1761449877.0935128,555.0,178.0,177.0
1761449877.1232467,8.0,178.0,174.0
1761449877.1511023,671.0,178.0,179.0
1761449877.184313,671.0,178.0,179.0
1761449877.2046762,8.0,178.0,174.0
1761449877.2248387,671.0,178.0,179.0
1761449877.25405,671.0,178.0,178.0
1761449877.2874038,9.0,178.0,174.0
1761449877.3188393,445.0,178.0,179.0
1761449877.3403935,672.0,178.0,179.0
1761449877.3559256,8.0,178.0,175.0
1761449877.3879743,46.0,179.0,176.0
1761449877.4181514,671.0,178.0,180.0
1761449877.450303,8.0,178.0,175.0
1761449877.471279,9.0,178.0,175.0
1761449877.4868822,672.0,178.0,179.0
1761449877.5258455,159.0,178.0,176.0
1761449877.5584018,9.0,178.0,175.0
1761449877.5908136,671.0,178.0,180.0
1761449877.59759,482.0,177.0,176.0
1761449877.6235511,8.0,178.0,175.0
1761449877.6466117,671.0,178.0,180.0
1761449877.6963942,668.0,178.0,178.0
1761449877.729263,9.0,178.0,174.0
1761449877.735061,672.0,178.0,179.0
1761449877.762346,671.0,177.0,178.0
1761449877.777904,8.0,178.0,175.0
1761449877.8064554,547.0,178.0,179.0
1761449877.8391435,672.0,178.0,179.0
1761449877.8673105,9.0,178.0,174.0
1761449877.8967803,248.0,177.0,177.0
1761449877.9123182,671.0,177.0,178.0
1761449877.938853,9.0,178.0,174.0
1761449877.9676614,9.0,178.0,175.0
1761449878.0030546,671.0,179.0,179.0
1761449878.0253568,8.0,178.0,175.0
1761449878.0436008,9.0,178.0,177.0
1761449878.0760515,672.0,178.0,181.0
1761449878.1111846,348.0,178.0,176.0
1761449878.1384997,9.0,179.0,175.0
1761449878.1583786,672.0,178.0,181.0
1761449878.1758895,645.0,179.0,177.0
1761449878.2135708,9.0,179.0,174.0
1761449878.247669,671.0,178.0,180.0
1761449878.2768412,671.0,178.0,178.0
1761449878.2842915,9.0,178.0,175.0
1761449878.3166869,667.0,178.0,180.0
1761449878.3412561,671.0,178.0,179.0
1761449878.3831275,9.0,178.0,174.0
1761449878.412946,284.0,178.0,178.0
1761449878.4154804,671.0,179.0,178.0
1761449878.4456732,9.0,178.0,174.0
1761449878.4795928,9.0,178.0,176.0
1761449878.5103252,672.0,178.0,180.0
1761449878.5427022,9.0,178.0,174.0
1761449878.5602415,9.0,178.0,177.0
1761449878.5801518,671.0,178.0,180.0
1761449878.5970545,212.0,178.0,175.0
1761449878.6480978,9.0,178.0,176.0
1761449878.6838715,672.0,178.0,181.0
1761449878.6872506,566.0,178.0,176.0
1761449878.709941,9.0,179.0,174.0
1761449878.7282515,671.0,179.0,180.0
1761449878.7607753,670.0,178.0,177.0
1761449878.7947233,8.0,178.0,174.0
1761449878.8300645,670.0,178.0,180.0
1761449878.8485796,671.0,179.0,178.0
1761449878.8612149,9.0,178.0,174.0
1761449878.9036896,375.0,178.0,178.0
1761449878.9371934,671.0,177.0,178.0
1761449878.9739926,8.0,178.0,174.0
1761449878.9779649,10.0,178.0,177.0
1761449878.9993181,671.0,179.0,179.0
1761449879.024683,9.0,178.0,174.0
1761449879.065656,9.0,178.0,176.0
1761449879.1001081,671.0,178.0,179.0
1761449879.128762,101.0,178.0,175.0
1761449879.1312203,8.0,178.0,176.0
1761449879.163933,672.0,178.0,181.0
1761449879.1783981,456.0,178.0,176.0
1761449879.2124019,8.0,178.0,175.0
1761449879.2455611,671.0,178.0,180.0
1761449879.2780275,669.0,177.0,177.0
1761449879.3039484,9.0,178.0,174.0
1761449879.3190036,671.0,178.0,179.0
1761449879.3341875,671.0,178.0,177.0
1761449879.3943067,9.0,178.0,174.0
1761449879.4250348,447.0,178.0,179.0
1761449879.4427238,671.0,179.0,178.0
1761449879.4499898,8.0,178.0,174.0
1761449879.4689782,124.0,177.0,177.0
1761449879.4983895,671.0,178.0,179.0
1761449879.5337813,9.0,178.0,175.0
1761449879.5702357,9.0,178.0,176.0
1761449879.5906248,672.0,178.0,180.0
1761449879.6134036,8.0,178.0,175.0
1761449879.6250525,9.0,178.0,176.0
1761449879.6780653,671.0,177.0,180.0
1761449879.6785252,342.0,178.0,176.0
1761449879.717053,9.0,178.0,175.0
1761449879.7562675,672.0,178.0,180.0
1761449879.7760947,664.0,178.0,177.0
1761449879.7949233,8.0,178.0,175.0
1761449879.809453,671.0,177.0,179.0
1761449879.851418,671.0,178.0,177.0
1761449879.8929577,8.0,178.0,174.0
1761449879.9344647,611.0,178.0,179.0
1761449879.960443,671.0,178.0,178.0
1761449879.9720192,9.0,178.0,174.0
1761449879.9830728,192.0,177.0,177.0
1761449879.9938502,671.0,178.0,179.0
1761449880.0277452,9.0,178.0,174.0
1761449880.0775523,9.0,178.0,177.0
1761449880.120388,671.0,178.0,180.0
1761449880.1243656,8.0,177.0,174.0
1761449880.1475968,9.0,178.0,176.0
1761449880.162549,672.0,178.0,180.0
1761449880.1782625,233.0,177.0,174.0
1761449880.236719,8.0,177.0,175.0
1761449880.2723594,671.0,178.0,179.0
1761449880.2753873,551.0,177.0,176.0
1761449880.2983804,9.0,177.0,174.0
1761449880.3161058,671.0,177.0,179.0
1761449880.35642,670.0,177.0,177.0
1761449880.3937163,9.0,177.0,173.0
1761449880.4303722,671.0,177.0,178.0
1761449880.4336662,671.0,178.0,177.0
1761449880.4580224,9.0,177.0,172.0
1761449880.4777646,346.0,177.0,177.0
1761449880.5180306,671.0,178.0,178.0
1761449880.5543275,9.0,177.0,172.0
1761449880.5909562,9.0,177.0,176.0
1761449880.5935385,672.0,178.0,179.0
1761449880.6203976,8.0,177.0,174.0
1761449880.6350431,9.0,177.0,176.0
1761449880.6533139,672.0,177.0,180.0
1761449880.6862123,169.0,177.0,175.0
1761449880.7206059,8.0,177.0,175.0
1761449880.7672036,671.0,177.0,179.0
1761449880.7696493,526.0,177.0,175.0
1761449880.7977567,9.0,177.0,174.0
1761449880.819088,672.0,177.0,179.0
1761449880.8556902,670.0,177.0,176.0
1761449880.8919246,8.0,177.0,173.0
1761449880.9278016,671.0,177.0,178.0
1761449880.9339542,671.0,177.0,177.0
1761449880.9530916,9.0,177.0,173.0
1761449880.9734051,452.0,177.0,178.0
1761449881.0078657,671.0,177.0,177.0
1761449881.0443945,9.0,177.0,172.0
1761449881.0770583,98.0,177.0,176.0
1761449881.0799613,671.0,177.0,178.0
1761449881.1148307,8.0,177.0,173.0
1761449881.1283798,9.0,177.0,175.0
1761449881.157667,672.0,177.0,179.0
1761449881.1958556,9.0,177.0,173.0
1761449881.233761,9.0,177.0,175.0
1761449881.2380185,671.0,177.0,179.0
1761449881.266897,416.0,177.0,175.0
1761449881.2881958,8.0,177.0,174.0
1761449881.3143032,672.0,177.0,179.0
1761449881.349194,668.0,177.0,177.0
1761449881.3834808,9.0,177.0,174.0
1761449881.4020562,671.0,177.0,178.0
1761449881.421184,671.0,177.0,176.0
1761449881.4558039,9.0,177.0,172.0
1761449881.4904034,551.0,177.0,178.0
1761449881.5188842,672.0,176.0,177.0
1761449881.540769,8.0,177.0,173.0
1761449881.557142,174.0,176.0,177.0
1761449881.595524,671.0,177.0,178.0
1761449881.6517746,9.0,177.0,173.0
1761449881.6560366,8.0,176.0,176.0
1761449881.6752198,671.0,177.0,179.0
1761449881.6935172,9.0,177.0,174.0
1761449881.7100801,8.0,177.0,175.0
1761449881.7603233,671.0,177.0,179.0
1761449881.7933404,375.0,177.0,174.0
1761449881.7937624,8.0,177.0,174.0
1761449881.8296406,672.0,177.0,179.0
1761449881.8412275,657.0,177.0,175.0
1761449881.8793347,9.0,177.0,172.0
1761449881.9154127,671.0,177.0,179.0
1761449881.948656,671.0,176.0,177.0
1761449882.0096717,9.0,177.0,173.0
1761449882.0104916,650.0,176.0,179.0
1761449882.0209126,671.0,177.0,177.0
1761449882.0281525,8.0,176.0,173.0
1761449882.0630052,232.0,177.0,176.0
1761449882.0979223,671.0,177.0,177.0
1761449882.1262984,8.0,177.0,173.0
1761449882.1496558,9.0,176.0,176.0
1761449882.163988,671.0,177.0,179.0
1761449882.1854997,8.0,177.0,173.0
1761449882.2154849,9.0,177.0,175.0
1761449882.255716,672.0,177.0,179.0
1761449882.2886968,265.0,177.0,174.0
1761449882.3089397,8.0,177.0,175.0
1761449882.3208253,671.0,177.0,179.0
1761449882.358756,604.0,177.0,176.0
1761449882.39771,9.0,177.0,174.0
1761449882.4311364,671.0,177.0,179.0
1761449882.4498773,670.0,177.0,177.0
1761449882.4591663,9.0,177.0,174.0
1761449882.4761336,671.0,177.0,179.0
1761449882.501449,671.0,177.0,176.0
1761449882.5321407,9.0,177.0,173.0
1761449882.5666203,329.0,177.0,177.0
1761449882.5858686,671.0,177.0,177.0
1761449882.6070619,9.0,177.0,173.0
1761449882.635285,9.0,177.0,176.0
1761449882.6653497,672.0,177.0,179.0
1761449882.6990993,9.0,177.0,173.0
1761449882.7291543,9.0,177.0,176.0
1761449882.7382069,672.0,177.0,179.0
1761449882.7667105,161.0,177.0,174.0
1761449882.7962766,8.0,177.0,175.0
1761449882.8279698,671.0,177.0,179.0
1761449882.859138,527.0,177.0,175.0
1761449882.8728476,9.0,177.0,174.0
1761449882.8982427,671.0,177.0,179.0
1761449882.934729,670.0,177.0,176.0
1761449882.9668665,9.0,177.0,173.0
1761449882.9843721,671.0,177.0,178.0
1761449883.0043068,671.0,177.0,176.0
1761449883.038144,8.0,177.0,173.0
1761449883.0694299,432.0,177.0,177.0
1761449883.1071913,671.0,177.0,177.0
1761449883.1221259,8.0,177.0,173.0
1761449883.1405056,80.0,177.0,175.0
1761449883.1734142,672.0,177.0,178.0
1761449883.2094846,9.0,177.0,172.0
1761449883.2391376,9.0,177.0,174.0
1761449883.2582426,671.0,177.0,178.0
1761449883.2743483,9.0,177.0,172.0
1761449883.2947702,8.0,177.0,175.0
1761449883.3538954,671.0,177.0,179.0
1761449883.3849583,433.0,177.0,174.0
1761449883.4044218,8.0,177.0,173.0
1761449883.41045,671.0,177.0,179.0
1761449883.4263897,669.0,176.0,177.0
1761449883.4667647,8.0,177.0,173.0
1761449883.506075,671.0,177.0,178.0
1761449883.540997,672.0,177.0,177.0
1761449883.5568576,8.0,176.0,172.0
1761449883.5704486,530.0,177.0,177.0
1761449883.5854712,671.0,177.0,176.0
1761449883.610709,8.0,177.0,172.0
1761449883.6443553,166.0,177.0,176.0
1761449883.6952515,671.0,177.0,178.0
1761449883.7013135,9.0,176.0,173.0
1761449883.7173154,9.0,177.0,174.0
1761449883.755947,672.0,177.0,179.0
1761449883.7871764,9.0,177.0,173.0
1761449883.8223472,9.0,176.0,175.0
1761449883.8459177,671.0,177.0,178.0
1761449883.8607926,350.0,177.0,174.0
1761449883.872852,9.0,177.0,174.0
1761449883.9013102,671.0,176.0,179.0
1761449883.9586973,659.0,177.0,176.0
1761449883.9616413,8.0,176.0,173.0
1761449883.9918342,671.0,177.0,178.0
1761449884.0075011,671.0,177.0,176.0
1761449884.0330017,9.0,177.0,172.0
1761449884.06463,635.0,176.0,178.0
1761449884.095045,671.0,176.0,177.0
1761449884.1188123,8.0,176.0,172.0
1761449884.1389039,233.0,176.0,177.0
1761449884.1716506,671.0,176.0,178.0
1761449884.2057803,8.0,176.0,173.0
1761449884.2442863,9.0,177.0,175.0
1761449884.260433,672.0,176.0,179.0
1761449884.2766917,9.0,177.0,172.0
1761449884.2947562,8.0,176.0,174.0
1761449884.344474,672.0,177.0,178.0
1761449884.3809786,282.0,177.0,173.0
1761449884.3998172,9.0,177.0,174.0
1761449884.4136102,671.0,176.0,178.0
1761449884.4294968,604.0,176.0,176.0
1761449884.4586043,9.0,177.0,173.0
1761449884.4897795,671.0,176.0,178.0
1761449884.5293534,671.0,177.0,176.0
1761449884.546171,8.0,176.0,173.0
1761449884.564511,670.0,177.0,178.0
1761449884.602812,672.0,177.0,177.0
1761449884.6398256,9.0,176.0,173.0
1761449884.6433332,321.0,176.0,177.0
1761449884.684408,672.0,176.0,177.0
1761449884.7085364,9.0,177.0,172.0
1761449884.722805,10.0,176.0,176.0
1761449884.768405,671.0,176.0,178.0
1761449884.769802,8.0,176.0,172.0
1761449884.8077724,8.0,176.0,175.0
1761449884.8634117,672.0,177.0,179.0
1761449884.8672378,114.0,177.0,173.0
1761449884.8848832,8.0,176.0,174.0
1761449884.9046504,671.0,176.0,179.0
1761449884.9324877,506.0,176.0,175.0
1761449884.9717245,8.0,176.0,173.0
1761449885.0119812,671.0,176.0,179.0
1761449885.0347643,669.0,176.0,176.0
1761449885.0416453,8.0,176.0,173.0
1761449885.0630715,671.0,177.0,178.0
1761449885.104377,671.0,177.0,176.0
1761449885.1413357,9.0,176.0,173.0
1761449885.1752179,458.0,176.0,177.0
1761449885.1943939,672.0,176.0,177.0
1761449885.2002573,9.0,177.0,172.0
1761449885.2211914,100.0,176.0,176.0
1761449885.252167,671.0,176.0,178.0
1761449885.285149,9.0,177.0,172.0
1761449885.3221283,9.0,176.0,175.0
1761449885.341412,671.0,176.0,178.0
1761449885.3581245,9.0,176.0,172.0
1761449885.3985775,8.0,176.0,175.0
1761449885.467056,671.0,176.0,179.0
1761449885.4700813,409.0,176.0,174.0
1761449885.4898045,8.0,176.0,173.0
1761449885.4962094,671.0,177.0,178.0
1761449885.5118322,667.0,176.0,175.0
1761449885.5454772,9.0,176.0,173.0
1761449885.580823,671.0,176.0,178.0
1761449885.621407,672.0,177.0,177.0
1761449885.6431506,9.0,177.0,172.0
1761449885.6481912,590.0,176.0,178.0
1761449885.6722908,671.0,176.0,177.0
1761449885.7177453,9.0,176.0,173.0
1761449885.7201104,293.0,176.0,176.0
1761449885.75819,672.0,176.0,177.0
1761449885.7965138,8.0,177.0,172.0
1761449885.817951,8.0,176.0,175.0
1761449885.8341012,671.0,177.0,178.0
1761449885.8514707,8.0,176.0,173.0
1761449885.9055426,8.0,177.0,174.0
1761449885.943044,671.0,177.0,178.0
1761449885.9635594,265.0,177.0,174.0
1761449885.9692538,8.0,176.0,175.0
1761449885.9863985,671.0,177.0,178.0
1761449886.0203602,607.0,177.0,176.0
1761449886.0572402,8.0,177.0,173.0
1761449886.091507,671.0,177.0,178.0
1761449886.1111,671.0,177.0,176.0
1761449886.129738,8.0,177.0,172.0
1761449886.1421883,637.0,177.0,179.0
1761449886.1706603,671.0,177.0,177.0
1761449886.2026596,9.0,177.0,172.0
1761449886.240062,231.0,177.0,176.0
1761449886.2594407,671.0,177.0,178.0
1761449886.2801454,9.0,177.0,173.0
1761449886.3188374,8.0,177.0,176.0
1761449886.3540723,671.0,177.0,178.0
1761449886.390052,9.0,177.0,173.0
1761449886.403417,8.0,177.0,175.0
1761449886.4148045,671.0,177.0,178.0
1761449886.434899,177.0,177.0,173.0
1761449886.470113,9.0,177.0,175.0
1761449886.5077615,671.0,177.0,179.0
1761449886.5422466,551.0,177.0,175.0
1761449886.5626445,8.0,177.0,173.0
1761449886.576213,672.0,177.0,179.0
1761449886.5928538,670.0,177.0,176.0
1761449886.6213174,9.0,177.0,173.0
1761449886.6580198,671.0,177.0,178.0
1761449886.6942475,671.0,177.0,177.0
1761449886.7127285,9.0,176.0,173.0
1761449886.7336998,405.0,177.0,177.0
1761449886.7519662,672.0,177.0,178.0
1761449886.7770097,9.0,177.0,173.0
1761449886.8073664,69.0,177.0,177.0
1761449886.8509426,672.0,177.0,179.0
1761449886.8683853,9.0,177.0,173.0
1761449886.886554,9.0,177.0,176.0
1761449886.9258955,671.0,177.0,178.0
1761449886.9663458,64.0,177.0,173.0
1761449886.9979055,9.0,177.0,174.0
1761449887.0007796,672.0,177.0,179.0
1761449887.0223303,474.0,177.0,175.0
1761449887.0447137,8.0,177.0,175.0
1761449887.0677207,671.0,177.0,179.0
1761449887.096514,669.0,177.0,176.0
1761449887.1298919,8.0,177.0,173.0
1761449887.1903007,671.0,177.0,178.0
1761449887.1957226,671.0,177.0,177.0
1761449887.2114851,8.0,176.0,173.0
1761449887.2269998,521.0,177.0,178.0
1761449887.257251,671.0,177.0,177.0
1761449887.2773573,9.0,176.0,173.0
1761449887.3339586,151.0,177.0,176.0
1761449887.3557286,671.0,177.0,178.0
1761449887.3636577,8.0,177.0,173.0
1761449887.383278,9.0,177.0,176.0
1761449887.4229515,671.0,177.0,179.0
1761449887.4630146,9.0,177.0,174.0
1761449887.5003955,8.0,177.0,175.0
1761449887.5215495,672.0,177.0,179.0
1761449887.5310357,355.0,176.0,175.0
1761449887.5477865,9.0,177.0,174.0
1761449887.5853975,671.0,177.0,178.0
1761449887.6588306,644.0,177.0,176.0
1761449887.6646543,8.0,176.0,173.0
1761449887.6833959,671.0,177.0,178.0
1761449887.6906033,672.0,177.0,177.0
1761449887.7050683,8.0,177.0,173.0
1761449887.7493317,648.0,177.0,178.0
1761449887.751776,671.0,177.0,176.0
1761449887.78906,8.0,176.0,173.0
1761449887.828039,253.0,177.0,176.0
1761449887.8497212,671.0,177.0,177.0
1761449887.8679585,8.0,176.0,173.0
1761449887.8864563,8.0,176.0,175.0
1761449887.9852474,672.0,177.0,179.0
1761449887.9912012,8.0,177.0,173.0
1761449888.0096364,8.0,176.0,175.0
1761449888.0163422,671.0,177.0,179.0
1761449888.0263734,242.0,176.0,175.0
1761449888.04316,9.0,177.0,175.0
1761449888.0718625,671.0,177.0,178.0
1761449888.1473646,583.0,176.0,176.0
1761449888.1529357,9.0,177.0,174.0
1761449888.1713126,672.0,177.0,179.0
1761449888.1857479,670.0,177.0,176.0
1761449888.2024653,9.0,176.0,173.0
1761449888.2302248,671.0,176.0,179.0
1761449888.2994797,672.0,177.0,177.0
1761449888.3019004,8.0,176.0,173.0
1761449888.3249152,367.0,176.0,178.0
1761449888.3458912,671.0,177.0,178.0
1761449888.35895,9.0,177.0,173.0
1761449888.3871205,47.0,176.0,176.0
1761449888.4203236,671.0,177.0,178.0
1761449888.4590383,8.0,176.0,173.0
1761449888.4852607,9.0,177.0,175.0
1761449888.5008705,672.0,177.0,179.0
1761449888.5180078,75.0,176.0,174.0
1761449888.5769236,9.0,177.0,174.0
1761449888.5829017,671.0,177.0,179.0
1761449888.6210084,480.0,176.0,175.0
1761449888.6441507,9.0,177.0,174.0
1761449888.6583605,672.0,177.0,178.0
1761449888.6774569,670.0,176.0,176.0
1761449888.703107,9.0,176.0,173.0
1761449888.736406,671.0,176.0,178.0
1761449888.7765603,671.0,176.0,177.0
1761449888.7962108,8.0,176.0,172.0
1761449888.8156025,501.0,177.0,177.0
1761449888.833393,671.0,176.0,176.0
1761449888.8916674,9.0,177.0,172.0
1761449888.9323778,140.0,176.0,176.0
1761449888.9382777,671.0,177.0,178.0
1761449888.962169,9.0,176.0,173.0
1761449888.9773057,9.0,177.0,175.0
1761449888.9930813,672.0,176.0,179.0
1761449889.021112,8.0,176.0,173.0
1761449889.0560799,9.0,176.0,175.0
1761449889.1072097,671.0,177.0,179.0
1761449889.112334,339.0,177.0,174.0
1761449889.1348412,9.0,176.0,174.0
1761449889.1578732,671.0,177.0,178.0
1761449889.1978748,652.0,177.0,175.0
1761449889.2321494,8.0,176.0,173.0
1761449889.2704246,671.0,176.0,179.0
1761449889.2727919,671.0,177.0,176.0
1761449889.2954698,9.0,176.0,173.0
1761449889.3157103,643.0,177.0,178.0
1761449889.3372686,671.0,176.0,177.0
1761449889.3897698,8.0,176.0,173.0
1761449889.4289,262.0,176.0,177.0
1761449889.4343836,672.0,177.0,178.0
1761449889.4525125,8.0,176.0,173.0
1761449889.4719214,8.0,176.0,176.0
1761449889.5008492,671.0,177.0,179.0
1761449889.5486348,9.0,177.0,172.0
1761449889.58672,8.0,177.0,174.0
1761449889.588936,671.0,176.0,179.0
1761449889.6118057,205.0,176.0,174.0
1761449889.6352823,8.0,176.0,175.0
1761449889.652554,671.0,177.0,179.0
1761449889.6896913,559.0,177.0,174.0
1761449889.7275,9.0,177.0,172.0
1761449889.773508,671.0,176.0,178.0
1761449889.7925382,670.0,176.0,176.0
1761449889.7974925,9.0,176.0,173.0
1761449889.8177583,671.0,176.0,179.0
1761449889.8368964,672.0,176.0,177.0
1761449889.865125,9.0,176.0,172.0
1761449889.958646,334.0,177.0,178.0
1761449890.003073,671.0,177.0,177.0
1761449890.0217013,8.0,176.0,171.0
1761449890.0249324,39.0,176.0,176.0
1761449890.0279524,671.0,176.0,179.0
1761449890.0333102,8.0,176.0,172.0
1761449890.0538843,9.0,177.0,175.0
1761449890.0986304,671.0,177.0,180.0
1761449890.102792,100.0,176.0,172.0
1761449890.1459212,8.0,176.0,175.0
1761449890.1918366,671.0,176.0,180.0
1761449890.2116458,486.0,176.0,174.0
1761449890.2141597,8.0,176.0,174.0
1761449890.2372549,671.0,176.0,180.0
1761449890.2754323,670.0,177.0,176.0
1761449890.3109727,8.0,176.0,172.0
1761449890.3528152,671.0,176.0,180.0
1761449890.3580432,671.0,176.0,175.0
1761449890.376416,8.0,177.0,171.0
1761449890.397596,527.0,176.0,179.0
1761449890.418675,671.0,176.0,176.0
1761449890.4433153,9.0,177.0,170.0
1761449890.475589,157.0,177.0,176.0
1761449890.5199878,671.0,176.0,178.0
1761449890.5387952,9.0,177.0,170.0
1761449890.556941,9.0,176.0,176.0
1761449890.5779252,671.0,177.0,179.0
1761449890.602921,8.0,176.0,171.0
1761449890.644789,9.0,177.0,174.0
1761449890.6919024,671.0,177.0,179.0
1761449890.715101,344.0,176.0,172.0
1761449890.7179742,9.0,176.0,174.0
1761449890.7436237,671.0,177.0,180.0
1761449890.7866523,643.0,176.0,175.0
1761449890.7870553,9.0,176.0,173.0
1761449890.8223643,671.0,177.0,180.0
1761449890.861284,671.0,177.0,176.0
1761449890.8821373,9.0,177.0,171.0
1761449890.9018052,669.0,176.0,179.0
1761449890.918309,671.0,176.0,176.0
1761449890.9472206,9.0,177.0,170.0
1761449890.986922,279.0,176.0,178.0
1761449891.0274603,671.0,176.0,177.0
1761449891.0322485,8.0,176.0,171.0
1761449891.0560002,9.0,177.0,176.0
1761449891.077982,671.0,177.0,179.0
1761449891.1109223,8.0,176.0,171.0
1761449891.1472228,9.0,176.0,176.0
1761449891.1862779,671.0,176.0,180.0
1761449891.2056735,175.0,177.0,172.0
1761449891.2111757,8.0,176.0,174.0
1761449891.2373974,671.0,177.0,180.0
1761449891.2714186,543.0,177.0,174.0
1761449891.3054342,8.0,176.0,172.0
1761449891.3446047,672.0,177.0,180.0
1761449891.3640058,670.0,176.0,175.0
1761449891.3825934,9.0,177.0,171.0
1761449891.3934405,671.0,177.0,179.0
1761449891.4294436,671.0,177.0,176.0
1761449891.4659097,9.0,177.0,171.0
1761449891.5106828,434.0,176.0,179.0
1761449891.5337942,671.0,176.0,177.0
1761449891.5368342,9.0,176.0,171.0
1761449891.5653675,86.0,176.0,177.0
1761449891.577621,671.0,176.0,178.0
1761449891.6092432,8.0,176.0,171.0
1761449891.6604228,9.0,176.0,176.0
1761449891.7001793,671.0,177.0,180.0
1761449891.720882,8.0,176.0,172.0
1761449891.7231781,8.0,176.0,175.0
1761449891.7409015,672.0,176.0,181.0
1761449891.7857516,429.0,176.0,174.0
1761449891.8266504,8.0,176.0,173.0
1761449891.8661582,671.0,176.0,180.0
1761449891.8886688,668.0,176.0,175.0
1761449891.8925123,9.0,177.0,172.0
1761449891.900343,672.0,177.0,180.0
1761449891.9218268,672.0,176.0,176.0
1761449891.9520013,9.0,176.0,171.0
1761449891.985604,575.0,176.0,179.0
1761449892.0284612,671.0,176.0,177.0
1761449892.04834,9.0,176.0,171.0
1761449892.0576563,203.0,176.0,178.0
1761449892.0814962,671.0,177.0,178.0
1761449892.109286,8.0,176.0,171.0
1761449892.141939,8.0,176.0,175.0
1761449892.1903224,671.0,177.0,179.0
1761449892.212363,8.0,176.0,171.0
1761449892.215733,8.0,176.0,175.0
1761449892.239935,671.0,177.0,179.0
1761449892.2793741,292.0,176.0,173.0
1761449892.3203783,9.0,177.0,174.0
1761449892.3631058,671.0,176.0,180.0
1761449892.3867898,610.0,176.0,175.0
1761449892.3897564,8.0,177.0,172.0
1761449892.4085658,671.0,176.0,180.0
1761449892.4251661,670.0,176.0,175.0
1761449892.4589214,8.0,177.0,171.0
1761449892.538467,671.0,176.0,179.0
1761449892.544316,672.0,176.0,177.0
1761449892.5637841,9.0,177.0,170.0
1761449892.565393,390.0,176.0,178.0
1761449892.5854404,671.0,176.0,177.0
1761449892.6277838,8.0,176.0,171.0
1761449892.6644614,63.0,176.0,177.0
1761449892.7118983,671.0,176.0,178.0
1761449892.7322543,9.0,177.0,170.0
1761449892.73564,8.0,176.0,175.0
1761449892.7507992,671.0,177.0,179.0
1761449892.7656124,111.0,177.0,171.0
1761449892.7996924,9.0,176.0,175.0
1761449892.8356273,672.0,176.0,181.0
1761449892.8793914,486.0,176.0,174.0
1761449892.8998911,8.0,177.0,173.0
1761449892.9034047,671.0,176.0,180.0
1761449892.927267,669.0,176.0,175.0
1761449892.9627538,9.0,177.0,172.0
1761449892.9979532,672.0,176.0,179.0
1761449893.0438452,671.0,177.0,175.0
1761449893.0649428,8.0,177.0,171.0
1761449893.0679567,517.0,177.0,178.0
1761449893.0853655,672.0,177.0,177.0
1761449893.1304986,8.0,176.0,171.0
1761449893.1698017,162.0,176.0,177.0
1761449893.2106147,671.0,176.0,178.0
1761449893.2311454,8.0,176.0,171.0
1761449893.2342489,8.0,176.0,176.0
1761449893.2492697,671.0,177.0,180.0
1761449893.2690778,8.0,176.0,172.0
1761449893.297179,9.0,176.0,175.0
1761449893.3323567,672.0,176.0,180.0
1761449893.3749428,330.0,176.0,173.0
1761449893.3968048,8.0,176.0,174.0
1761449893.4072468,671.0,177.0,180.0
1761449893.426061,641.0,177.0,174.0
1761449893.4599907,8.0,176.0,172.0
1761449893.498487,671.0,176.0,180.0
1761449893.5418763,671.0,176.0,175.0
1761449893.562671,8.0,176.0,171.0
1761449893.5650709,670.0,177.0,179.0
1761449893.5886264,671.0,176.0,177.0
1761449893.6227376,8.0,176.0,171.0
1761449893.6560738,290.0,176.0,178.0
1761449893.693461,672.0,177.0,178.0
1761449893.712166,8.0,176.0,171.0
1761449893.7256072,9.0,176.0,177.0
1761449893.7442503,671.0,177.0,179.0
1761449893.7702243,8.0,177.0,171.0
1761449893.7995982,9.0,177.0,175.0
1761449893.8406603,671.0,177.0,180.0
1761449893.8585708,168.0,176.0,172.0
1761449893.8808107,8.0,176.0,175.0
1761449893.9175477,671.0,177.0,180.0
1761449893.951463,528.0,177.0,174.0
1761449893.9945502,8.0,176.0,173.0
1761449894.0159156,672.0,176.0,180.0
1761449894.0284452,670.0,177.0,175.0
1761449894.03943,8.0,176.0,172.0
1761449894.0728648,671.0,177.0,180.0
1761449894.1067128,671.0,177.0,176.0
1761449894.1466262,9.0,177.0,170.0
1761449894.165831,466.0,177.0,178.0
1761449894.172483,671.0,176.0,177.0
1761449894.1912634,9.0,177.0,171.0
1761449894.2282891,115.0,177.0,177.0
1761449894.2619545,671.0,177.0,178.0
1761449894.3009276,8.0,176.0,171.0
1761449894.3214083,9.0,176.0,176.0
1761449894.335091,672.0,177.0,179.0
1761449894.350692,8.0,176.0,171.0
1761449894.3820012,8.0,176.0,175.0
1761449894.4139216,671.0,176.0,180.0
1761449894.4554923,383.0,177.0,173.0
1761449894.465597,9.0,176.0,174.0
1761449894.487333,672.0,177.0,181.0
1761449894.5066044,663.0,176.0,175.0
1761449894.5437708,9.0,176.0,173.0
1761449894.570066,671.0,177.0,180.0
1761449894.6183693,671.0,176.0,176.0
1761449894.6451313,9.0,177.0,171.0
1761449894.6475804,622.0,177.0,179.0
1761449894.6688027,671.0,176.0,176.0
1761449894.6944137,9.0,177.0,170.0
1761449894.721726,210.0,177.0,178.0
1761449894.756401,672.0,177.0,178.0
1761449894.8026578,8.0,176.0,171.0
1761449894.823812,9.0,176.0,176.0
1761449894.8304887,672.0,177.0,179.0
1761449894.8505743,8.0,176.0,171.0
1761449894.8924198,9.0,177.0,175.0
1761449894.925882,671.0,177.0,180.0
1761449894.9752986,183.0,177.0,172.0
1761449894.997809,8.0,176.0,174.0
1761449895.0046957,671.0,177.0,180.0
1761449895.0174825,562.0,177.0,174.0
1761449895.035131,8.0,176.0,172.0
1761449895.0718713,671.0,177.0,180.0
1761449895.1081648,670.0,176.0,175.0
1761449895.151152,9.0,177.0,171.0
1761449895.1690714,671.0,177.0,179.0
1761449895.1749754,671.0,176.0,176.0
1761449895.1949627,9.0,176.0,170.0
1761449895.232197,385.0,176.0,179.0
1761449895.305062,671.0,177.0,177.0
1761449895.3080375,8.0,176.0,171.0
1761449895.3134935,76.0,176.0,176.0
1761449895.3320842,671.0,176.0,178.0
1761449895.3539793,9.0,177.0,170.0
1761449895.3869534,9.0,177.0,175.0
1761449895.4242084,671.0,176.0,179.0
1761449895.4645584,28.0,177.0,171.0
1761449895.484078,8.0,176.0,174.0
1761449895.4910238,672.0,176.0,179.0
1761449895.5116897,430.0,176.0,173.0
1761449895.5473728,9.0,177.0,173.0
1761449895.5814226,671.0,176.0,180.0
1761449895.621662,667.0,176.0,175.0
1761449895.6221836,9.0,176.0,172.0
1761449895.65297,671.0,176.0,180.0
1761449895.675681,671.0,176.0,176.0
1761449895.6943781,8.0,177.0,171.0
1761449895.7558217,582.0,176.0,178.0
1761449895.8008475,672.0,176.0,177.0
1761449895.8219688,8.0,176.0,171.0
1761449895.8362918,195.0,176.0,177.0
1761449895.8426821,671.0,176.0,177.0
1761449895.8540409,9.0,177.0,170.0
1761449895.882329,8.0,176.0,176.0
1761449895.9181528,671.0,176.0,179.0
1761449895.9570122,8.0,176.0,171.0
1761449895.976305,8.0,176.0,175.0
1761449895.9913673,671.0,176.0,180.0
1761449896.0135274,266.0,177.0,172.0
1761449896.0668936,9.0,176.0,175.0
1761449896.107622,671.0,177.0,180.0
1761449896.1244376,594.0,177.0,174.0
1761449896.1320407,9.0,177.0,172.0
1761449896.1538327,671.0,177.0,180.0
1761449896.1867049,671.0,177.0,175.0
1761449896.2231605,8.0,177.0,172.0
1761449896.2602527,670.0,177.0,180.0
1761449896.2791793,671.0,176.0,177.0
1761449896.2854037,8.0,177.0,171.0
1761449896.3048286,355.0,177.0,178.0
1761449896.3453088,671.0,176.0,177.0
1761449896.3755863,9.0,177.0,171.0
1761449896.416209,60.0,176.0,177.0
1761449896.4359324,671.0,177.0,178.0
1761449896.4419274,9.0,177.0,170.0
1761449896.4608026,9.0,176.0,176.0
1761449896.4940145,671.0,177.0,180.0
1761449896.564826,38.0,176.0,172.0
1761449896.567383,8.0,176.0,175.0
1761449896.5873845,671.0,177.0,180.0
1761449896.6018834,443.0,177.0,173.0
1761449896.6198204,8.0,176.0,173.0
1761449896.646791,671.0,177.0,180.0
1761449896.680353,668.0,177.0,175.0
1761449896.722282,9.0,177.0,172.0
1761449896.7404895,671.0,177.0,179.0
1761449896.754906,671.0,177.0,176.0
1761449896.7757459,8.0,176.0,171.0
1761449896.8343594,564.0,177.0,179.0
1761449896.8847854,672.0,176.0,177.0
1761449896.8896594,9.0,177.0,170.0
1761449896.9115434,189.0,177.0,177.0
1761449896.9229784,671.0,176.0,178.0
1761449896.935482,8.0,176.0,171.0
1761449896.9680557,9.0,177.0,175.0
1761449896.9998279,671.0,176.0,179.0
1761449897.0412471,8.0,176.0,171.0
1761449897.0622506,8.0,176.0,175.0
1761449897.0771298,671.0,176.0,180.0
1761449897.095151,281.0,176.0,172.0
1761449897.124539,8.0,176.0,174.0
1761449897.1554694,671.0,177.0,180.0
1761449897.2013767,603.0,177.0,174.0
1761449897.2203767,9.0,177.0,172.0
1761449897.2421515,672.0,177.0,180.0
1761449897.2524316,671.0,177.0,176.0
1761449897.2914753,8.0,177.0,172.0
1761449897.3269389,671.0,177.0,180.0
1761449897.370431,671.0,176.0,176.0
1761449897.3907068,9.0,177.0,171.0
1761449897.4020088,356.0,176.0,178.0
1761449897.4126754,671.0,177.0,177.0
1761449897.447069,9.0,177.0,171.0
1761449897.4786727,46.0,177.0,176.0
1761449897.5234356,672.0,177.0,179.0
1761449897.542292,9.0,177.0,171.0
1761449897.547143,8.0,176.0,176.0
1761449897.570134,671.0,177.0,180.0
1761449897.599364,41.0,176.0,172.0
1761449897.6709125,9.0,177.0,174.0
1761449897.6744998,672.0,177.0,181.0
1761449897.698299,458.0,177.0,174.0
1761449897.7081008,9.0,177.0,173.0
1761449897.7261972,672.0,177.0,181.0
1761449897.7550535,669.0,177.0,175.0
1761449897.7862442,8.0,177.0,172.0
1761449897.8332713,671.0,177.0,180.0
1761449897.850876,671.0,177.0,175.0
1761449897.8683445,9.0,177.0,171.0
1761449897.8858712,563.0,177.0,178.0
1761449897.9139717,672.0,177.0,177.0
1761449897.944458,9.0,177.0,171.0
1761449897.9856899,203.0,177.0,177.0
1761449898.0074751,671.0,177.0,178.0
1761449898.0234327,9.0,177.0,171.0
1761449898.045263,8.0,176.0,177.0
1761449898.103782,671.0,177.0,180.0
1761449898.145995,9.0,177.0,172.0
1761449898.1515024,9.0,177.0,175.0
1761449898.166423,672.0,177.0,180.0
1761449898.1897743,308.0,176.0,173.0
1761449898.2012434,9.0,177.0,175.0
1761449898.2301974,672.0,177.0,181.0
1761449898.2685788,612.0,176.0,175.0
1761449898.312267,9.0,176.0,173.0
1761449898.317062,671.0,177.0,180.0
1761449898.3381643,671.0,176.0,175.0
1761449898.360944,9.0,177.0,172.0
1761449898.3950036,670.0,177.0,180.0
1761449898.4713748,672.0,176.0,177.0
1761449898.4731765,9.0,177.0,171.0
1761449898.4919925,324.0,177.0,178.0
1761449898.4979234,671.0,177.0,177.0
1761449898.5203662,8.0,176.0,171.0
1761449898.5505435,27.0,177.0,177.0
1761449898.5819314,672.0,177.0,179.0
1761449898.629182,8.0,177.0,172.0
1761449898.6489718,8.0,176.0,176.0
1761449898.6556976,672.0,177.0,180.0
1761449898.6771233,88.0,177.0,172.0
1761449898.716083,9.0,177.0,175.0
1761449898.7531724,671.0,177.0,180.0
1761449898.8040547,461.0,177.0,173.0
1761449898.8231528,9.0,176.0,174.0
1761449898.829031,671.0,177.0,180.0
1761449898.8821445,669.0,177.0,175.0
1761449898.8911726,9.0,177.0,172.0
1761449898.8924625,671.0,177.0,179.0
1761449898.9317486,671.0,177.0,176.0
1761449898.964023,9.0,177.0,171.0
1761449899.0118504,531.0,177.0,179.0
1761449899.017268,672.0,177.0,177.0
1761449899.0354888,9.0,177.0,171.0
1761449899.051642,172.0,177.0,177.0
1761449899.0737026,672.0,177.0,179.0
1761449899.1024032,9.0,177.0,171.0
1761449899.1391675,9.0,176.0,176.0
1761449899.1855986,671.0,177.0,180.0
1761449899.2046268,8.0,177.0,172.0
1761449899.2105565,8.0,177.0,175.0
1761449899.2330143,671.0,177.0,180.0
1761449899.2723103,345.0,176.0,173.0
1761449899.282635,8.0,176.0,174.0
1761449899.3582554,671.0,177.0,180.0
1761449899.37792,636.0,177.0,175.0
1761449899.3935883,9.0,177.0,172.0
1761449899.3965101,671.0,177.0,180.0
1761449899.4173996,671.0,177.0,175.0
1761449899.4454875,8.0,177.0,171.0
1761449899.4819992,670.0,177.0,180.0
1761449899.5257292,672.0,177.0,177.0
1761449899.5460474,8.0,176.0,172.0
1761449899.5622194,306.0,176.0,179.0
1761449899.5745099,671.0,177.0,178.0
1761449899.6144037,8.0,177.0,171.0
1761449899.6629899,8.0,176.0,176.0
1761449899.711118,672.0,177.0,179.0
1761449899.714536,9.0,177.0,172.0
1761449899.735412,8.0,176.0,176.0
1761449899.7418642,672.0,177.0,180.0
1761449899.765695,135.0,177.0,173.0
1761449899.8119078,9.0,177.0,174.0
1761449899.8122277,671.0,177.0,180.0
1761449899.852608,502.0,177.0,174.0
1761449899.9034948,9.0,177.0,173.0
1761449899.926767,671.0,177.0,180.0
1761449899.9343522,669.0,177.0,175.0
1761449899.94929,9.0,177.0,172.0
1761449899.9706986,671.0,177.0,179.0
1761449900.0058348,671.0,177.0,176.0
1761449900.0408547,9.0,177.0,171.0
1761449900.104633,481.0,177.0,179.0
1761449900.1256766,672.0,177.0,177.0
1761449900.137849,8.0,177.0,172.0
1761449900.1442785,136.0,177.0,177.0
1761449900.155136,671.0,177.0,178.0
1761449900.1881258,9.0,176.0,171.0
1761449900.2193284,8.0,176.0,176.0
1761449900.2650464,672.0,177.0,180.0
1761449900.2849524,8.0,177.0,172.0
1761449900.3011804,9.0,177.0,174.0
1761449900.3145683,672.0,177.0,181.0
1761449900.3474584,369.0,177.0,174.0
1761449900.3853815,8.0,177.0,173.0
1761449900.4296145,672.0,177.0,181.0
1761449900.4469984,652.0,177.0,176.0
1761449900.45329,9.0,177.0,172.0
1761449900.4727685,672.0,177.0,181.0
1761449900.511551,671.0,177.0,177.0
1761449900.5416212,9.0,177.0,172.0
1761449900.5875459,652.0,177.0,180.0
1761449900.589842,671.0,177.0,176.0
1761449900.6140487,9.0,177.0,171.0
1761449900.6360888,266.0,177.0,178.0
1761449900.6583319,672.0,177.0,178.0
1761449900.6919098,8.0,176.0,171.0
1761449900.7317247,8.0,177.0,177.0
1761449900.7849522,671.0,177.0,179.0
1761449900.8085067,9.0,177.0,172.0
1761449900.8142707,9.0,177.0,175.0
1761449900.8262472,671.0,177.0,180.0
1761449900.8427835,166.0,177.0,172.0
1761449900.8726954,9.0,177.0,174.0
1761449900.9087925,672.0,177.0,181.0
1761449900.9519281,541.0,176.0,175.0
1761449900.9715772,9.0,177.0,173.0
1761449900.9777098,671.0,177.0,180.0
1761449901.0013955,670.0,177.0,176.0
1761449901.0398238,9.0,177.0,172.0
1761449901.0740166,671.0,177.0,179.0
1761449901.1205947,671.0,177.0,176.0
1761449901.1210892,8.0,176.0,172.0
1761449901.1400142,433.0,177.0,178.0
1761449901.167401,671.0,177.0,178.0
1761449901.1836822,9.0,176.0,171.0
1761449901.239119,95.0,177.0,177.0
1761449901.2896054,671.0,177.0,178.0
1761449901.291037,8.0,177.0,171.0
1761449901.2962909,8.0,177.0,176.0
1761449901.3206859,671.0,177.0,180.0
1761449901.3461306,8.0,176.0,172.0
1761449901.3863704,8.0,177.0,176.0
1761449901.4267814,671.0,177.0,180.0
1761449901.4740133,414.0,177.0,173.0
1761449901.4977865,8.0,176.0,174.0
1761449901.5040543,671.0,177.0,180.0
1761449901.5187488,665.0,177.0,175.0
1761449901.5273156,8.0,176.0,173.0
1761449901.568066,672.0,177.0,180.0
1761449901.6019824,671.0,177.0,177.0
1761449901.6528146,9.0,177.0,172.0
1761449901.6723936,584.0,177.0,179.0
1761449901.679513,671.0,177.0,177.0
1761449901.6939647,9.0,177.0,171.0
1761449901.7116191,209.0,177.0,177.0
1761449901.7399075,671.0,177.0,178.0
1761449901.8120177,8.0,177.0,172.0
1761449901.8179152,8.0,177.0,176.0
1761449901.837865,671.0,177.0,179.0
1761449901.8508997,9.0,177.0,172.0
1761449901.8711593,9.0,176.0,175.0
1761449901.8967135,672.0,177.0,180.0
1761449901.9304733,238.0,177.0,173.0
1761449901.975533,8.0,177.0,175.0
1761449901.9945972,672.0,177.0,180.0
1761449902.0113764,579.0,177.0,175.0
1761449902.0270774,8.0,177.0,173.0
1761449902.059461,672.0,177.0,179.0
1761449902.0912917,671.0,177.0,176.0
1761449902.1382914,9.0,177.0,172.0
1761449902.158122,670.0,177.0,179.0
1761449902.1630652,672.0,177.0,177.0
1761449902.1867905,9.0,177.0,172.0
1761449902.219929,394.0,177.0,177.0
1761449902.2566333,672.0,177.0,177.0
1761449902.3047338,9.0,177.0,172.0
1761449902.3246012,84.0,177.0,175.0
1761449902.3299139,671.0,177.0,178.0
1761449902.350932,8.0,176.0,173.0
1761449902.3841743,8.0,177.0,176.0
1761449902.4214268,671.0,177.0,179.0
1761449902.465757,12.0,177.0,173.0
1761449902.466171,8.0,177.0,174.0
1761449902.488093,671.0,177.0,179.0
1761449902.503836,414.0,177.0,174.0
1761449902.5505228,9.0,177.0,175.0
1761449902.5869536,672.0,177.0,178.0
1761449902.5874522,665.0,177.0,176.0
1761449902.655974,9.0,177.0,173.0
1761449902.6806285,671.0,177.0,178.0
1761449902.6876373,671.0,177.0,177.0
1761449902.7015111,9.0,176.0,173.0
1761449902.7152696,553.0,177.0,178.0
1761449902.752857,672.0,177.0,177.0
1761449902.7921472,9.0,177.0,173.0
1761449902.84049,194.0,177.0,176.0
1761449902.863013,671.0,177.0,177.0
1761449902.8690596,9.0,177.0,173.0
1761449902.8833942,9.0,176.0,176.0
1761449902.8995135,671.0,177.0,179.0
1761449902.9359784,8.0,177.0,173.0
1761449902.9759238,8.0,177.0,175.0
1761449903.0282328,672.0,177.0,179.0
1761449903.0541575,247.0,177.0,174.0
1761449903.057083,8.0,176.0,175.0
1761449903.0629585,672.0,177.0,179.0
1761449903.0919106,586.0,177.0,176.0
1761449903.1210496,8.0,176.0,173.0
1761449903.1370463,671.0,177.0,179.0
1761449903.1802924,671.0,177.0,176.0
1761449903.2345693,9.0,177.0,173.0
1761449903.2589853,670.0,177.0,178.0
1761449903.2665567,671.0,177.0,177.0
1761449903.2827632,9.0,177.0,173.0
1761449903.2965734,340.0,177.0,177.0
1761449903.3358886,671.0,177.0,177.0
1761449903.3758786,8.0,176.0,173.0
1761449903.43264,45.0,177.0,175.0
1761449903.4559658,671.0,177.0,178.0
1761449903.4633126,9.0,177.0,172.0
1761449903.4761364,9.0,176.0,176.0
1761449903.4872456,672.0,177.0,179.0
1761449903.5229988,44.0,177.0,174.0
1761449903.5599387,9.0,177.0,175.0
1761449903.6135452,671.0,177.0,179.0
1761449903.635321,465.0,176.0,175.0
1761449903.6387,9.0,177.0,174.0
1761449903.6527781,671.0,177.0,178.0
1761449903.6652687,669.0,177.0,176.0
1761449903.6979132,8.0,176.0,173.0
1761449903.7337239,672.0,177.0,179.0
1761449903.7864497,671.0,177.0,176.0
1761449903.8089523,8.0,177.0,173.0
1761449903.8155286,524.0,177.0,178.0
1761449903.8327372,671.0,177.0,177.0
1761449903.84976,9.0,177.0,173.0
1761449903.878784,154.0,177.0,176.0
1761449903.9609318,671.0,177.0,177.0
1761449903.967811,9.0,177.0,173.0
1761449903.985286,8.0,176.0,175.0
1761449903.9911919,671.0,177.0,178.0
1761449904.0138733,9.0,177.0,173.0
1761449904.0530245,8.0,177.0,174.0
1761449904.0868983,672.0,177.0,179.0
1761449904.1393144,304.0,177.0,175.0
1761449904.1604545,8.0,176.0,175.0
1761449904.1674135,672.0,177.0,179.0
1761449904.179386,616.0,177.0,176.0
1761449904.1935093,9.0,177.0,173.0
1761449904.2252629,671.0,177.0,178.0
1761449904.2626445,671.0,177.0,177.0
1761449904.3164108,8.0,176.0,173.0
1761449904.3221815,668.0,177.0,178.0
1761449904.3419235,671.0,176.0,177.0
1761449904.3534024,8.0,177.0,172.0
1761449904.3785892,285.0,176.0,177.0
1761449904.416336,672.0,177.0,178.0
1761449904.4546359,8.0,176.0,173.0
1761449904.5039532,8.0,176.0,175.0
1761449904.5107753,671.0,177.0,178.0
1761449904.529244,9.0,177.0,174.0
1761449904.546278,8.0,177.0,175.0
1761449904.5626347,671.0,177.0,178.0
1761449904.5936918,155.0,177.0,173.0
1761449904.633095,8.0,177.0,174.0
1761449904.6958058,671.0,177.0,179.0
1761449904.719259,532.0,177.0,175.0
1761449904.7260063,9.0,177.0,173.0
1761449904.7392616,671.0,177.0,178.0
1761449904.7500582,670.0,177.0,176.0
1761449904.7898629,8.0,176.0,173.0
1761449904.8292527,671.0,176.0,178.0
1761449904.8879485,671.0,176.0,176.0
1761449904.9101427,9.0,177.0,173.0
1761449904.9190555,417.0,177.0,177.0
1761449904.9323113,671.0,177.0,177.0
1761449904.9447699,9.0,177.0,172.0
1761449904.9593492,107.0,177.0,175.0
1761449904.9887598,671.0,177.0,178.0
1761449905.024453,9.0,176.0,173.0
1761449905.0866718,9.0,177.0,176.0
1761449905.088196,671.0,177.0,179.0
1761449905.1133459,8.0,176.0,173.0
1761449905.1290247,8.0,177.0,175.0
1761449905.1438365,671.0,177.0,178.0
1761449905.1766949,406.0,177.0,175.0
1761449905.2089915,9.0,177.0,174.0
1761449905.2621021,671.0,177.0,178.0
1761449905.2832499,667.0,177.0,176.0
1761449905.291103,9.0,177.0,173.0
1761449905.304195,671.0,177.0,179.0
1761449905.3284097,671.0,177.0,177.0
1761449905.353117,9.0,177.0,173.0
1761449905.3846445,580.0,177.0,179.0
1761449905.434518,672.0,177.0,177.0
1761449905.4553146,8.0,177.0,173.0
1761449905.46149,203.0,176.0,177.0
1761449905.4842474,672.0,177.0,178.0
1761449905.5154395,8.0,177.0,173.0
1761449905.5505555,8.0,176.0,176.0
1761449905.6095538,671.0,177.0,178.0
1761449905.6307914,8.0,177.0,173.0
1761449905.6348796,9.0,176.0,176.0
1761449905.6604507,672.0,177.0,179.0
1761449905.6691635,247.0,177.0,174.0
1761449905.7102015,8.0,176.0,175.0
1761449905.754427,672.0,177.0,179.0
1761449905.8105,579.0,177.0,175.0
1761449905.8319995,9.0,177.0,173.0
1761449905.8363163,671.0,177.0,179.0
1761449905.852507,671.0,177.0,176.0
1761449905.8565586,9.0,177.0,172.0
1761449905.9044728,670.0,177.0,178.0
1761449905.9062903,671.0,177.0,177.0
1761449905.9407272,8.0,177.0,173.0
1761449905.998512,377.0,176.0,178.0
1761449906.0195196,672.0,177.0,178.0
1761449906.0358407,8.0,177.0,173.0
1761449906.0431492,58.0,177.0,176.0
1761449906.0864723,672.0,177.0,179.0
1761449906.1204894,9.0,177.0,173.0
1761449906.171794,8.0,177.0,176.0
1761449906.1920142,672.0,177.0,179.0
1761449906.1956515,75.0,176.0,174.0
1761449906.2020802,9.0,177.0,174.0
1761449906.2253273,671.0,177.0,178.0
1761449906.2587993,466.0,177.0,175.0
1761449906.2954056,9.0,177.0,175.0
1761449906.349,671.0,177.0,178.0
1761449906.373311,669.0,177.0,176.0
1761449906.3793824,9.0,177.0,172.0
1761449906.3911076,671.0,177.0,178.0
1761449906.4098423,671.0,177.0,176.0
1761449906.4377959,8.0,176.0,173.0
1761449906.4746532,505.0,177.0,177.0
1761449906.5234091,672.0,177.0,176.0
1761449906.5238485,9.0,177.0,173.0
1761449906.55337,157.0,177.0,177.0
1761449906.5716155,671.0,177.0,179.0
1761449906.594285,9.0,176.0,174.0
1761449906.6188073,9.0,177.0,175.0
1761449906.7039177,671.0,177.0,178.0
1761449906.710709,8.0,177.0,173.0
1761449906.7280383,9.0,177.0,174.0
1761449906.7404888,671.0,177.0,178.0
1761449906.7563186,362.0,177.0,175.0
1761449906.798041,9.0,177.0,174.0
1761449906.8727772,672.0,177.0,179.0
1761449906.9251816,653.0,177.0,177.0
1761449906.9462807,8.0,176.0,174.0
1761449906.9520495,671.0,177.0,178.0
1761449906.9626935,671.0,177.0,177.0
1761449906.9690838,8.0,176.0,174.0
1761449906.9783099,656.0,177.0,178.0
1761449906.9911044,671.0,177.0,177.0
1761449907.0192082,9.0,177.0,173.0
1761449907.0585544,264.0,176.0,177.0
1761449907.1192672,671.0,177.0,178.0
1761449907.133358,8.0,177.0,174.0
1761449907.1340184,8.0,177.0,175.0
1761449907.1571553,671.0,177.0,178.0
1761449907.1755226,9.0,177.0,173.0
1761449907.2059193,9.0,177.0,174.0
1761449907.2396805,672.0,177.0,179.0
1761449907.2960875,203.0,176.0,175.0
1761449907.3178997,9.0,177.0,175.0
1761449907.3219442,671.0,177.0,179.0
1761449907.3399062,566.0,177.0,175.0
1761449907.359963,8.0,177.0,173.0
1761449907.385001,672.0,177.0,179.0
1761449907.4198735,671.0,177.0,177.0
1761449907.4746253,9.0,177.0,174.0
1761449907.4943733,671.0,177.0,178.0
1761449907.4998271,672.0,177.0,177.0
1761449907.5221393,8.0,176.0,173.0
1761449907.5633414,397.0,177.0,177.0
1761449907.5989592,671.0,177.0,178.0
1761449907.6532364,9.0,177.0,173.0
1761449907.6751611,60.0,177.0,175.0
1761449907.6825402,671.0,177.0,178.0
1761449907.6931906,8.0,177.0,173.0
1761449907.7048786,9.0,176.0,176.0
1761449907.745257,671.0,177.0,178.0
1761449907.781263,22.0,177.0,174.0
1761449907.8316154,8.0,177.0,175.0
1761449907.8531816,671.0,177.0,179.0
1761449907.86031,454.0,177.0,174.0
1761449907.8704023,8.0,176.0,174.0
1761449907.888213,672.0,177.0,179.0
1761449907.9189348,669.0,176.0,176.0
1761449907.9531035,9.0,177.0,174.0
1761449908.0039258,671.0,177.0,178.0
1761449908.0055668,671.0,177.0,176.0
1761449908.034765,9.0,177.0,172.0
1761449908.0491602,628.0,177.0,178.0
1761449908.073632,672.0,177.0,177.0
1761449908.102116,8.0,177.0,173.0
1761449908.174013,161.0,177.0,176.0
1761449908.1947613,671.0,177.0,178.0
1761449908.2137635,9.0,177.0,173.0
1761449908.215313,9.0,177.0,175.0
1761449908.2334592,672.0,177.0,179.0
1761449908.2571988,9.0,177.0,173.0
1761449908.2818506,8.0,176.0,175.0
1761449908.319071,672.0,177.0,179.0
1761449908.3741837,254.0,176.0,174.0
1761449908.3790057,8.0,176.0,174.0
1761449908.4028413,671.0,177.0,179.0
1761449908.4198253,627.0,177.0,175.0
1761449908.4414926,8.0,176.0,173.0
1761449908.4674935,672.0,177.0,179.0
1761449908.5041301,671.0,177.0,176.0
1761449908.5618227,9.0,177.0,173.0
1761449908.5857303,663.0,177.0,177.0
1761449908.5931242,671.0,177.0,176.0
1761449908.6045718,9.0,177.0,172.0
1761449908.6260629,306.0,177.0,177.0
1761449908.6505735,671.0,177.0,177.0
1761449908.6854696,9.0,177.0,172.0
1761449908.744085,33.0,176.0,176.0
1761449908.7678065,671.0,177.0,178.0
1761449908.7730875,9.0,176.0,173.0
1761449908.7873142,9.0,176.0,175.0
1761449908.8332322,672.0,177.0,179.0
1761449908.8579457,208.0,176.0,175.0
1761449908.9234462,9.0,177.0,175.0
1761449908.9290583,672.0,177.0,178.0
1761449908.9500515,549.0,177.0,175.0
1761449908.9541192,8.0,176.0,174.0
1761449908.9796784,672.0,177.0,178.0
1761449908.9946852,670.0,177.0,176.0
1761449909.050923,9.0,177.0,172.0
1761449909.056685,671.0,177.0,178.0
1761449909.1129093,671.0,176.0,177.0
1761449909.1346147,9.0,177.0,173.0
1761449909.1382515,378.0,176.0,177.0
1761449909.1546993,672.0,177.0,177.0
1761449909.178926,9.0,177.0,173.0
1761449909.2219894,55.0,177.0,175.0
1761449909.2961931,672.0,176.0,178.0
1761449909.3020804,8.0,176.0,173.0
1761449909.302744,8.0,176.0,175.0
1761449909.3295348,671.0,177.0,178.0
1761449909.3445091,25.0,177.0,173.0
1761449909.3633163,8.0,176.0,174.0
1761449909.3985827,671.0,176.0,178.0
1761449909.4350884,425.0,176.0,175.0
1761449909.486889,9.0,177.0,174.0
1761449909.5081317,671.0,177.0,178.0
1761449909.5162182,669.0,177.0,177.0
1761449909.5302083,8.0,176.0,174.0
1761449909.5480485,672.0,177.0,179.0
1761449909.5763266,671.0,177.0,176.0
1761449909.6183772,9.0,177.0,172.0
1761449909.6891098,528.0,177.0,177.0
1761449909.7096093,671.0,177.0,176.0
1761449909.7157254,9.0,177.0,172.0
1761449909.728284,168.0,176.0,176.0
1761449909.74148,672.0,176.0,178.0
1761449909.7605882,9.0,177.0,174.0
1761449909.7879972,8.0,176.0,175.0
1761449909.8285875,671.0,177.0,178.0
1761449909.8955498,9.0,176.0,174.0
1761449909.919483,8.0,176.0,175.0
1761449909.9243495,671.0,177.0,179.0
1761449909.9402852,342.0,177.0,174.0
1761449909.9539998,8.0,176.0,174.0
1761449909.9731243,671.0,177.0,178.0
1761449909.999373,641.0,176.0,176.0
1761449910.0360873,8.0,176.0,174.0
1761449910.1056106,671.0,177.0,178.0
1761449910.1285567,671.0,176.0,177.0
1761449910.135969,9.0,177.0,172.0
1761449910.1470747,665.0,177.0,178.0
1761449910.1593726,672.0,177.0,177.0
1761449910.196521,8.0,177.0,173.0
1761449910.2332258,271.0,177.0,176.0
1761449910.296574,671.0,177.0,177.0
1761449910.319801,9.0,177.0,172.0
1761449910.324461,8.0,176.0,175.0
1761449910.340208,672.0,177.0,178.0
1761449910.3430836,8.0,176.0,173.0
1761449910.3668735,8.0,176.0,175.0
1761449910.4219265,671.0,177.0,178.0
1761449910.4826548,213.0,177.0,174.0
1761449910.4896302,8.0,176.0,174.0
1761449910.511404,671.0,177.0,178.0
1761449910.518723,564.0,177.0,175.0
1761449910.5312712,8.0,177.0,173.0
1761449910.5513718,672.0,177.0,179.0
1761449910.5826428,670.0,177.0,176.0
1761449910.620206,9.0,177.0,173.0
1761449910.6886144,670.0,177.0,178.0
1761449910.71563,671.0,177.0,176.0
1761449910.7181156,8.0,176.0,173.0
1761449910.7322125,362.0,177.0,177.0
1761449910.7489185,671.0,177.0,177.0
1761449910.7641017,8.0,177.0,173.0
1761449910.7945168,55.0,176.0,175.0
1761449910.8356476,671.0,177.0,178.0
